Designator,Mid X,Mid Y,Rotation,Layer
C1,102.7,-153.805,0.0,bottom
C10,210.94,-124.97,0.0,bottom
C11,106.14,-142.135,0.0,bottom
C12,106.14,-144.645,0.0,bottom
C13,106.14,-147.155,0.0,bottom
C14,123.53,-122.185,0.0,bottom
C15,115.91,-114.615,0.0,bottom
C16,126.76,-119.89,0.0,bottom
C17,105.92,-169.555,0.0,bottom
C18,98.3,-161.985,0.0,bottom
C19,98.3,-164.495,0.0,bottom
C2,102.7,-155.775,0.0,bottom
C3,102.7,-157.745,0.0,bottom
C4,99.83,-153.805,0.0,bottom
C5,99.83,-155.775,0.0,bottom
C6,99.83,-157.745,0.0,bottom
C7,106.14,-139.625,0.0,bottom
C8,207.93,-113.72,90.0,bottom
C9,210.94,-123.0,0.0,bottom
J1,165.775,-26.725,0.0,bottom
LED1,38.1,-33.02,0.0,bottom
LED10,209.55,-33.02,0.0,bottom
LED11,228.6,-33.02,0.0,bottom
LED12,247.65,-33.02,0.0,bottom
LED13,266.7,-33.02,0.0,bottom
LED14,295.275,-33.02,0.0,bottom
LED15,42.8625,-52.07,0.0,bottom
LED16,66.675,-52.07,0.0,bottom
LED17,85.725,-52.07,0.0,bottom
LED18,104.775,-52.07,0.0,bottom
LED19,123.825,-52.07,0.0,bottom
LED2,57.15,-33.02,0.0,bottom
LED20,142.875,-52.07,0.0,bottom
LED21,161.925,-52.07,0.0,bottom
LED22,180.975,-52.07,0.0,bottom
LED23,200.025,-52.07,0.0,bottom
LED24,219.075,-52.07,0.0,bottom
LED25,238.125,-52.07,0.0,bottom
LED26,257.175,-52.07,0.0,bottom
LED27,276.225,-52.07,0.0,bottom
LED28,300.0375,-52.07,0.0,bottom
LED29,45.24375,-71.12,0.0,bottom
LED3,76.2,-33.02,0.0,bottom
LED30,71.4375,-71.12,0.0,bottom
LED31,90.4875,-71.12,0.0,bottom
LED32,109.5375,-71.12,0.0,bottom
LED33,128.5875,-71.12,0.0,bottom
LED34,147.6375,-71.12,0.0,bottom
LED35,166.6875,-71.12,0.0,bottom
LED36,185.7375,-71.12,0.0,bottom
LED37,204.7875,-71.12,0.0,bottom
LED38,223.8375,-71.12,0.0,bottom
LED39,242.8875,-71.12,0.0,bottom
LED4,95.25,-33.02,0.0,bottom
LED40,261.9375,-71.12,0.0,bottom
LED41,292.89375,-71.12,0.0,bottom
LED42,323.85,-71.12,0.0,bottom
LED43,50.00625,-90.17,0.0,bottom
LED44,80.9625,-90.17,0.0,bottom
LED45,100.0125,-90.17,0.0,bottom
LED46,119.0625,-90.17,0.0,bottom
LED47,138.1125,-90.17,0.0,bottom
LED48,157.1625,-90.17,0.0,bottom
LED49,176.2125,-90.17,0.0,bottom
LED5,114.3,-33.02,0.0,bottom
LED50,195.2625,-90.17,0.0,bottom
LED51,214.3125,-90.17,0.0,bottom
LED52,233.3625,-90.17,0.0,bottom
LED53,252.4125,-90.17,0.0,bottom
LED54,288.13125,-90.17,0.0,bottom
LED55,323.85,-90.17,0.0,bottom
LED56,40.48125,-109.22,0.0,bottom
LED57,64.29375,-109.22,0.0,bottom
LED58,88.10625,-109.22,0.0,bottom
LED59,159.54375,-109.22,0.0,bottom
LED6,133.35,-33.02,0.0,bottom
LED60,230.98125,-109.22,0.0,bottom
LED61,254.79375,-109.22,0.0,bottom
LED62,278.60625,-109.22,0.0,bottom
LED63,302.41875,-109.22,0.0,bottom
LED64,323.85,-109.22,0.0,bottom
LED7,152.4,-33.02,0.0,bottom
LED8,171.45,-33.02,0.0,bottom
LED9,190.5,-33.02,0.0,bottom
R1,138.53,-114.99,270.0,bottom
R2,140.03,-114.99,270.0,bottom
R3,140.09,-166.15,0.0,bottom
R4,106.14,-149.665,0.0,bottom
R5,106.14,-152.175,0.0,bottom
R6,220.12,-121.91,0.0,bottom
S1,38.1,-38.1,180.0,top
S10,209.55,-38.1,180.0,top
S11,228.6,-38.1,180.0,top
S12,247.65,-38.1,180.0,top
S13,266.7,-38.1,180.0,top
S14,295.275,-38.1,180.0,top
S15,42.8625,-57.15,180.0,top
S16,66.675,-57.15,180.0,top
S17,85.725,-57.15,180.0,top
S18,104.775,-57.15,180.0,top
S19,123.825,-57.15,180.0,top
S2,57.15,-38.1,180.0,top
S20,142.875,-57.15,180.0,top
S21,161.925,-57.15,180.0,top
S22,180.975,-57.15,180.0,top
S23,200.025,-57.15,180.0,top
S24,219.075,-57.15,180.0,top
S25,238.125,-57.15,180.0,top
S26,257.175,-57.15,180.0,top
S27,276.225,-57.15,180.0,top
S28,300.0375,-57.15,180.0,top
S29,45.24375,-76.2,180.0,top
S3,76.2,-38.1,180.0,top
S30,71.4375,-76.2,180.0,top
S31,90.4875,-76.2,180.0,top
S32,109.5375,-76.2,180.0,top
S33,128.5875,-76.2,180.0,top
S34,147.6375,-76.2,180.0,top
S35,166.6875,-76.2,180.0,top
S36,185.7375,-76.2,180.0,top
S37,204.7875,-76.2,180.0,top
S38,223.8375,-76.2,180.0,top
S39,242.8875,-76.2,180.0,top
S4,95.25,-38.1,180.0,top
S40,261.9375,-76.2,180.0,top
S41,292.89375,-76.2,180.0,top
S42,323.85,-76.2,180.0,top
S43,50.00625,-95.25,180.0,top
S44,80.9625,-95.25,180.0,top
S45,100.0125,-95.25,180.0,top
S46,119.0625,-95.25,180.0,top
S47,138.1125,-95.25,180.0,top
S48,157.1625,-95.25,180.0,top
S49,176.2125,-95.25,180.0,top
S5,114.3,-38.1,180.0,top
S50,195.2625,-95.25,180.0,top
S51,214.3125,-95.25,180.0,top
S52,233.3625,-95.25,180.0,top
S53,252.4125,-95.25,180.0,top
S54,288.13125,-95.25,180.0,top
S55,323.85,-95.25,180.0,top
S56,40.48125,-114.3,180.0,top
S57,64.29375,-114.3,180.0,top
S58,88.10625,-114.3,180.0,top
S59,159.54375,-114.3,180.0,top
S6,133.35,-38.1,180.0,top
S60,230.98125,-114.3,180.0,top
S61,254.79375,-114.3,180.0,top
S62,278.60625,-114.3,180.0,top
S63,302.41875,-114.3,180.0,top
S64,323.85,-114.3,180.0,top
S7,152.4,-38.1,180.0,top
S8,171.45,-38.1,180.0,top
S9,190.5,-38.1,180.0,top
SC1,33.375,-32.275,180.0,bottom
SC10,110.945,-39.35,180.0,bottom
SC100,191.9075,-96.5,180.0,bottom
SC101,209.5875,-89.425,180.0,bottom
SC102,210.9575,-96.5,180.0,bottom
SC103,228.6375,-89.425,180.0,bottom
SC104,230.0075,-96.5,180.0,bottom
SC105,247.6875,-89.425,180.0,bottom
SC106,249.0575,-96.5,180.0,bottom
SC107,283.40625,-89.425,180.0,bottom
SC108,284.77625,-96.5,180.0,bottom
SC109,319.125,-89.425,180.0,bottom
SC11,128.625,-32.275,180.0,bottom
SC110,320.495,-96.5,180.0,bottom
SC111,35.75625,-108.475,180.0,bottom
SC112,37.12625,-115.55,180.0,bottom
SC113,59.56875,-108.475,180.0,bottom
SC114,60.93875,-115.55,180.0,bottom
SC115,83.38125,-108.475,180.0,bottom
SC116,84.75125,-115.55,180.0,bottom
SC117,154.81875,-108.475,180.0,bottom
SC118,156.18875,-115.55,180.0,bottom
SC119,226.25625,-108.475,180.0,bottom
SC12,129.995,-39.35,180.0,bottom
SC120,227.62625,-115.55,180.0,bottom
SC121,250.06875,-108.475,180.0,bottom
SC122,251.43875,-115.55,180.0,bottom
SC123,273.88125,-108.475,180.0,bottom
SC124,275.25125,-115.55,180.0,bottom
SC125,297.69375,-108.475,180.0,bottom
SC126,299.06375,-115.55,180.0,bottom
SC127,319.125,-108.475,180.0,bottom
SC128,320.495,-115.55,180.0,bottom
SC13,147.675,-32.275,180.0,bottom
SC14,149.045,-39.35,180.0,bottom
SC15,166.725,-32.275,180.0,bottom
SC16,168.095,-39.35,180.0,bottom
SC17,185.775,-32.275,180.0,bottom
SC18,187.145,-39.35,180.0,bottom
SC19,204.825,-32.275,180.0,bottom
SC2,34.745,-39.35,180.0,bottom
SC20,206.195,-39.35,180.0,bottom
SC21,223.875,-32.275,180.0,bottom
SC22,225.245,-39.35,180.0,bottom
SC23,242.925,-32.275,180.0,bottom
SC24,244.295,-39.35,180.0,bottom
SC25,261.975,-32.275,180.0,bottom
SC26,263.345,-39.35,180.0,bottom
SC27,290.55,-32.275,180.0,bottom
SC28,291.92,-39.35,180.0,bottom
SC29,38.1375,-51.325,180.0,bottom
SC3,52.425,-32.275,180.0,bottom
SC30,39.5075,-58.4,180.0,bottom
SC31,61.95,-51.325,180.0,bottom
SC32,63.32,-58.4,180.0,bottom
SC33,81.0,-51.325,180.0,bottom
SC34,82.37,-58.4,180.0,bottom
SC35,100.05,-51.325,180.0,bottom
SC36,101.42,-58.4,180.0,bottom
SC37,119.1,-51.325,180.0,bottom
SC38,120.47,-58.4,180.0,bottom
SC39,138.15,-51.325,180.0,bottom
SC4,53.795,-39.35,180.0,bottom
SC40,139.52,-58.4,180.0,bottom
SC41,157.2,-51.325,180.0,bottom
SC42,158.57,-58.4,180.0,bottom
SC43,176.25,-51.325,180.0,bottom
SC44,177.62,-58.4,180.0,bottom
SC45,195.3,-51.325,180.0,bottom
SC46,196.67,-58.4,180.0,bottom
SC47,214.35,-51.325,180.0,bottom
SC48,215.72,-58.4,180.0,bottom
SC49,233.4,-51.325,180.0,bottom
SC5,71.475,-32.275,180.0,bottom
SC50,234.77,-58.4,180.0,bottom
SC51,252.45,-51.325,180.0,bottom
SC52,253.82,-58.4,180.0,bottom
SC53,271.5,-51.325,180.0,bottom
SC54,272.87,-58.4,180.0,bottom
SC55,295.3125,-51.325,180.0,bottom
SC56,296.6825,-58.4,180.0,bottom
SC57,40.51875,-70.375,180.0,bottom
SC58,41.88875,-77.45,180.0,bottom
SC59,66.7125,-70.375,180.0,bottom
SC6,72.845,-39.35,180.0,bottom
SC60,68.0825,-77.45,180.0,bottom
SC61,85.7625,-70.375,180.0,bottom
SC62,87.1325,-77.45,180.0,bottom
SC63,104.8125,-70.375,180.0,bottom
SC64,106.1825,-77.45,180.0,bottom
SC65,123.8625,-70.375,180.0,bottom
SC66,125.2325,-77.45,180.0,bottom
SC67,142.9125,-70.375,180.0,bottom
SC68,144.2825,-77.45,180.0,bottom
SC69,161.9625,-70.375,180.0,bottom
SC7,90.525,-32.275,180.0,bottom
SC70,163.3325,-77.45,180.0,bottom
SC71,181.0125,-70.375,180.0,bottom
SC72,182.3825,-77.45,180.0,bottom
SC73,200.0625,-70.375,180.0,bottom
SC74,201.4325,-77.45,180.0,bottom
SC75,219.1125,-70.375,180.0,bottom
SC76,220.4825,-77.45,180.0,bottom
SC77,238.1625,-70.375,180.0,bottom
SC78,239.5325,-77.45,180.0,bottom
SC79,257.2125,-70.375,180.0,bottom
SC8,91.895,-39.35,180.0,bottom
SC80,258.5825,-77.45,180.0,bottom
SC81,288.16875,-70.375,180.0,bottom
SC82,289.53875,-77.45,180.0,bottom
SC83,319.125,-70.375,180.0,bottom
SC84,320.495,-77.45,180.0,bottom
SC85,45.28125,-89.425,180.0,bottom
SC86,46.65125,-96.5,180.0,bottom
SC87,76.2375,-89.425,180.0,bottom
SC88,77.6075,-96.5,180.0,bottom
SC89,95.2875,-89.425,180.0,bottom
SC9,109.575,-32.275,180.0,bottom
SC90,96.6575,-96.5,180.0,bottom
SC91,114.3375,-89.425,180.0,bottom
SC92,115.7075,-96.5,180.0,bottom
SC93,133.3875,-89.425,180.0,bottom
SC94,134.7575,-96.5,180.0,bottom
SC95,152.4375,-89.425,180.0,bottom
SC96,153.8075,-96.5,180.0,bottom
SC97,171.4875,-89.425,180.0,bottom
SC98,172.8575,-96.5,180.0,bottom
SC99,190.5375,-89.425,180.0,bottom
SR+1,47.052,-38.2,270.0,bottom
SR+10,218.502,-38.2,270.0,bottom
SR+11,237.552,-38.2,270.0,bottom
SR+12,256.602,-38.2,270.0,bottom
SR+13,275.652,-38.2,270.0,bottom
SR+14,304.227,-38.2,270.0,bottom
SR+15,51.8145,-57.25,270.0,bottom
SR+16,75.627,-57.25,270.0,bottom
SR+17,94.677,-57.25,270.0,bottom
SR+18,113.727,-57.25,270.0,bottom
SR+19,132.777,-57.25,270.0,bottom
SR+2,66.102,-38.2,270.0,bottom
SR+20,151.827,-57.25,270.0,bottom
SR+21,170.877,-57.25,270.0,bottom
SR+22,189.927,-57.25,270.0,bottom
SR+23,208.977,-57.25,270.0,bottom
SR+24,228.027,-57.25,270.0,bottom
SR+25,247.077,-57.25,270.0,bottom
SR+26,266.127,-57.25,270.0,bottom
SR+27,285.177,-57.25,270.0,bottom
SR+28,308.9895,-57.25,270.0,bottom
SR+29,54.19575,-76.3,270.0,bottom
SR+3,85.152,-38.2,270.0,bottom
SR+30,80.3895,-76.3,270.0,bottom
SR+31,99.4395,-76.3,270.0,bottom
SR+32,118.4895,-76.3,270.0,bottom
SR+33,137.5395,-76.3,270.0,bottom
SR+34,156.5895,-76.3,270.0,bottom
SR+35,175.6395,-76.3,270.0,bottom
SR+36,194.6895,-76.3,270.0,bottom
SR+37,213.7395,-76.3,270.0,bottom
SR+38,232.7895,-76.3,270.0,bottom
SR+39,251.8395,-76.3,270.0,bottom
SR+4,104.202,-38.2,270.0,bottom
SR+40,270.8895,-76.3,270.0,bottom
SR+41,301.84575,-76.3,270.0,bottom
SR+42,332.802,-76.3,270.0,bottom
SR+43,58.95825,-95.35,270.0,bottom
SR+44,89.9145,-95.35,270.0,bottom
SR+45,108.9645,-95.35,270.0,bottom
SR+46,128.0145,-95.35,270.0,bottom
SR+47,147.0645,-95.35,270.0,bottom
SR+48,166.1145,-95.35,270.0,bottom
SR+49,185.1645,-95.35,270.0,bottom
SR+5,123.252,-38.2,270.0,bottom
SR+50,204.2145,-95.35,270.0,bottom
SR+51,223.2645,-95.35,270.0,bottom
SR+52,242.3145,-95.35,270.0,bottom
SR+53,261.3645,-95.35,270.0,bottom
SR+54,297.08325,-95.35,270.0,bottom
SR+55,332.802,-95.35,270.0,bottom
SR+56,49.43325,-114.4,270.0,bottom
SR+57,73.24575,-114.4,270.0,bottom
SR+58,97.05825,-114.4,270.0,bottom
SR+59,168.49575,-114.4,270.0,bottom
SR+6,142.302,-38.2,270.0,bottom
SR+60,239.93325,-114.4,270.0,bottom
SR+61,263.74575,-114.4,270.0,bottom
SR+62,287.55825,-114.4,270.0,bottom
SR+63,311.37075,-114.4,270.0,bottom
SR+64,332.802,-114.4,270.0,bottom
SR+7,161.352,-38.2,270.0,bottom
SR+8,180.402,-38.2,270.0,bottom
SR+9,199.452,-38.2,270.0,bottom
SR-1,45.902,-38.2,270.0,bottom
SR-10,217.352,-38.2,270.0,bottom
SR-11,236.402,-38.2,270.0,bottom
SR-12,255.452,-38.2,270.0,bottom
SR-13,274.502,-38.2,270.0,bottom
SR-14,303.077,-38.2,270.0,bottom
SR-15,50.6645,-57.25,270.0,bottom
SR-16,74.477,-57.25,270.0,bottom
SR-17,93.527,-57.25,270.0,bottom
SR-18,112.577,-57.25,270.0,bottom
SR-19,131.627,-57.25,270.0,bottom
SR-2,64.952,-38.2,270.0,bottom
SR-20,150.677,-57.25,270.0,bottom
SR-21,169.727,-57.25,270.0,bottom
SR-22,188.777,-57.25,270.0,bottom
SR-23,207.827,-57.25,270.0,bottom
SR-24,226.877,-57.25,270.0,bottom
SR-25,245.927,-57.25,270.0,bottom
SR-26,264.977,-57.25,270.0,bottom
SR-27,284.027,-57.25,270.0,bottom
SR-28,307.8395,-57.25,270.0,bottom
SR-29,53.04575,-76.3,270.0,bottom
SR-3,84.002,-38.2,270.0,bottom
SR-30,79.2395,-76.3,270.0,bottom
SR-31,98.2895,-76.3,270.0,bottom
SR-32,117.3395,-76.3,270.0,bottom
SR-33,136.3895,-76.3,270.0,bottom
SR-34,155.4395,-76.3,270.0,bottom
SR-35,174.4895,-76.3,270.0,bottom
SR-36,193.5395,-76.3,270.0,bottom
SR-37,212.5895,-76.3,270.0,bottom
SR-38,231.6395,-76.3,270.0,bottom
SR-39,250.6895,-76.3,270.0,bottom
SR-4,103.052,-38.2,270.0,bottom
SR-40,269.7395,-76.3,270.0,bottom
SR-41,300.69575,-76.3,270.0,bottom
SR-42,331.652,-76.3,270.0,bottom
SR-43,57.80825,-95.35,270.0,bottom
SR-44,88.7645,-95.35,270.0,bottom
SR-45,107.8145,-95.35,270.0,bottom
SR-46,126.8645,-95.35,270.0,bottom
SR-47,145.9145,-95.35,270.0,bottom
SR-48,164.9645,-95.35,270.0,bottom
SR-49,184.0145,-95.35,270.0,bottom
SR-5,122.102,-38.2,270.0,bottom
SR-50,203.0645,-95.35,270.0,bottom
SR-51,222.1145,-95.35,270.0,bottom
SR-52,241.1645,-95.35,270.0,bottom
SR-53,260.2145,-95.35,270.0,bottom
SR-54,295.93325,-95.35,270.0,bottom
SR-55,331.652,-95.35,270.0,bottom
SR-56,48.28325,-114.4,270.0,bottom
SR-57,72.09575,-114.4,270.0,bottom
SR-58,95.90825,-114.4,270.0,bottom
SR-59,167.34575,-114.4,270.0,bottom
SR-6,141.152,-38.2,270.0,bottom
SR-60,238.78325,-114.4,270.0,bottom
SR-61,262.59575,-114.4,270.0,bottom
SR-62,286.40825,-114.4,270.0,bottom
SR-63,310.22075,-114.4,270.0,bottom
SR-64,331.652,-114.4,270.0,bottom
SR-7,160.202,-38.2,270.0,bottom
SR-8,179.252,-38.2,270.0,bottom
SR-9,198.302,-38.2,270.0,bottom
SU1,35.263767,-36.4625,120.0,bottom
SU10,206.713767,-36.4625,120.0,bottom
SU11,225.763767,-36.4625,120.0,bottom
SU12,244.813767,-36.4625,120.0,bottom
SU13,263.863767,-36.4625,120.0,bottom
SU14,292.438767,-36.4625,120.0,bottom
SU15,40.026267,-55.5125,120.0,bottom
SU16,63.838767,-55.5125,120.0,bottom
SU17,82.888767,-55.5125,120.0,bottom
SU18,101.938767,-55.5125,120.0,bottom
SU19,120.988767,-55.5125,120.0,bottom
SU2,54.313767,-36.4625,120.0,bottom
SU20,140.038767,-55.5125,120.0,bottom
SU21,159.088767,-55.5125,120.0,bottom
SU22,178.138767,-55.5125,120.0,bottom
SU23,197.188767,-55.5125,120.0,bottom
SU24,216.238767,-55.5125,120.0,bottom
SU25,235.288767,-55.5125,120.0,bottom
SU26,254.338767,-55.5125,120.0,bottom
SU27,273.388767,-55.5125,120.0,bottom
SU28,297.201267,-55.5125,120.0,bottom
SU29,42.407517,-74.5625,120.0,bottom
SU3,73.363767,-36.4625,120.0,bottom
SU30,68.601267,-74.5625,120.0,bottom
SU31,87.651267,-74.5625,120.0,bottom
SU32,106.701267,-74.5625,120.0,bottom
SU33,125.751267,-74.5625,120.0,bottom
SU34,144.801267,-74.5625,120.0,bottom
SU35,163.851267,-74.5625,120.0,bottom
SU36,182.901267,-74.5625,120.0,bottom
SU37,201.951267,-74.5625,120.0,bottom
SU38,221.001267,-74.5625,120.0,bottom
SU39,240.051267,-74.5625,120.0,bottom
SU4,92.413767,-36.4625,120.0,bottom
SU40,259.101267,-74.5625,120.0,bottom
SU41,290.057517,-74.5625,120.0,bottom
SU42,321.013767,-74.5625,120.0,bottom
SU43,47.170017,-93.6125,120.0,bottom
SU44,78.126267,-93.6125,120.0,bottom
SU45,97.176267,-93.6125,120.0,bottom
SU46,116.226267,-93.6125,120.0,bottom
SU47,135.276267,-93.6125,120.0,bottom
SU48,154.326267,-93.6125,120.0,bottom
SU49,173.376267,-93.6125,120.0,bottom
SU5,111.463767,-36.4625,120.0,bottom
SU50,192.426267,-93.6125,120.0,bottom
SU51,211.476267,-93.6125,120.0,bottom
SU52,230.526267,-93.6125,120.0,bottom
SU53,249.576267,-93.6125,120.0,bottom
SU54,285.295017,-93.6125,120.0,bottom
SU55,321.013767,-93.6125,120.0,bottom
SU56,37.645017,-112.6625,120.0,bottom
SU57,61.457517,-112.6625,120.0,bottom
SU58,85.270017,-112.6625,120.0,bottom
SU59,156.707517,-112.6625,120.0,bottom
SU6,130.513767,-36.4625,120.0,bottom
SU60,228.145017,-112.6625,120.0,bottom
SU61,251.957517,-112.6625,120.0,bottom
SU62,275.770017,-112.6625,120.0,bottom
SU63,299.582517,-112.6625,120.0,bottom
SU64,321.013767,-112.6625,120.0,bottom
SU7,149.563767,-36.4625,120.0,bottom
SU8,168.613767,-36.4625,120.0,bottom
SU9,187.663767,-36.4625,120.0,bottom
SW1,323.6,-38.1,0.0,top
U1,145.25,-166.33,0.0,bottom
U10,78.515,-178.97,0.0,bottom
U11,71.735,-154.1,0.0,bottom
U12,57.885,-141.77,0.0,bottom
U13,78.515,-170.68,0.0,bottom
U14,71.735,-162.39,0.0,bottom
U15,85.295,-178.97,0.0,bottom
U16,71.445,-141.77,0.0,bottom
U17,58.175,-154.1,0.0,bottom
U18,85.295,-170.68,0.0,bottom
U19,64.955,-154.1,0.0,bottom
U2,199.0,-114.0,270.0,bottom
U20,78.515,-154.1,0.0,bottom
U3,132.51,-119.1,0.0,bottom
U4,103.96,-164.39,0.0,bottom
U5,102.39,-47.625,90.0,bottom
U6,107.15,-47.635,90.0,bottom
U7,254.79,-47.625,90.0,bottom
U8,259.55,-47.635,90.0,bottom
U9,85.295,-162.39,0.0,bottom
Y1,211.98,-112.31,270.0,bottom
